identifier,intent
71c19464f839442b,schedule appointment
ef07f78c8bda41c5,transfer money
caf6ec7f86a9410c,transfer money
7e3285db4e354e0b,get branch hours
86d619fb1bfe45e4,schedule appointment
456cb5e3069040bc,replace card
ebdc2700b6524a53,transfer money
d7084d2e23c64024,check balance
76bad60a75bc493d,transfer money
ce135386e8494370,pay bill
a0a4c4175a354a22,replace card
4c0c1840b1f047ac,order checks
ea26145e8df741c0,get branch hours
9dca21d153c64450,pay bill
db49d1ea68b44e08,order checks
c10a08cda68d46b0,schedule appointment
f6a392b3cd87487d,pay bill
5037d2918c7a4c16,order checks
62345a4010954141,replace card
478c1394617b49a9,check balance
a999d956e52c4635,reset password
4b60ec7fef934c8e,replace card
f668f0034b4f4e97,order checks
f8e6c0649176495d,order checks
ba9e51ee1de14ca2,order checks
f92c9662d77a4645,reset password
a6064e589c1943b2,reset password
7040a9a8846d453d,order checks
54c5515662134ea7,order checks
8988d247ab294428,pay bill
60a139c0635c47b6,reset password
d26dfb6bfcb34356,order checks
fbaddaf43b3f4c0b,get branch hours
781b722c46b84ad2,get branch hours
e40954da46244b71,pay bill
c5baf2f218c94d74,order checks
c0458915afad401d,order checks
b1449bfa64e9488f,pay bill
ce1c6a188b854181,check balance
633c961986ac4fec,get branch hours
7d9594d33a65436f,order checks
d7783471cf2a49ff,check balance
c5df21a0ebbe42e2,check balance
c0c8d261058841ac,schedule appointment
c846f4fdc0d04046,transfer money
853defda4c2f4136,order checks
dc818e88a71a4e47,transfer money
ecb9291223764796,order checks
43636c8fcf2e40e1,transfer money
c839ba684e804672,get branch hours
c90d3e280dc84237,replace card
c3c82a852df240bc,get branch hours
5dcf0d12c8e4459d,get branch hours
c701da30adc24c9b,check balance
f7b1acb11c5d4579,schedule appointment
6913f7cf2f2144a7,pay bill
55c41bf27118447c,order checks
f468128fbde04149,transfer money
666e447383954cf0,reset password
a92098ccb422434c,transfer money
56a03af85a1a48f3,check balance
6625925a3bcd409a,reset password
5651477ceab2448b,replace card
e112679add1c4490,transfer money
5a218b619caf4f0b,schedule appointment
d60dd43c61ed4465,pay bill
ed8a6f3e91ec4b1a,pay bill
a594044b42fc41a7,order checks
8113bf48659d4f74,reset password
f26820c2fd1445bd,order checks
ac5ba0e9d69d4fa0,get branch hours
cb7bc09bb8d440dc,schedule appointment
dbc2061c2d964f40,replace card
9691bca74ef140d0,reset password
b1e612c3c2ff404a,reset password
942ed294709145b2,schedule appointment
d69cc21d8dc747ef,reset password
b0ce9d4b1a2e4684,schedule appointment
dff4cd2c795944bb,reset password
ee34f34e93b64a6f,pay bill
b163bc57c2f04245,pay bill
8f06324f19e74075,order checks
b4ca3121958c4f5f,replace card
522507a4750d4f5c,reset password
d09204e09f504245,schedule appointment
eccd0011ff1e4dd0,transfer money
79fd27e709544567,pay bill
efe6555042af4f5e,transfer money
d588093a0cab4bc6,replace card
83dd44cab35f45aa,get branch hours
74cf8fc51ce049f6,pay bill
c36951016d304e14,transfer money
cdd65af8795a4b0f,check balance
c76ac58aa5f5438b,reset password
a1f1c6bd31c44167,check balance
bf9ed900871f4b34,get branch hours
7140a73246e24752,order checks
cd7c0bfdc73b4707,reset password
b73ee827c2794c29,order checks
c6165c93317c47f4,reset password
6310d1f8dfd34273,get branch hours
e5caade08f4b4524,pay bill
8c8a5b0505d74c5d,order checks
92795c5b89914372,get branch hours
aa7cbc7934ac4de9,transfer money
ada8e8780baa4a5a,check balance
a5ded9fec089468f,transfer money
9e9a215342ca4282,transfer money
7306f4f9ef6d4440,check balance
9c3702da3ddb4c1f,pay bill
c1c1da0004d74ff2,pay bill
6cf7c0354aef4c17,reset password
cb145daed0a74bba,check balance
87815baeded649ca,check balance
c775d3f5dc5a4978,get branch hours
93d34d72300b43f3,order checks
ec7454a2ccc34edc,check balance
d483cbff8f994366,pay bill
db7c71f4c9384bf4,get branch hours
46df1a2459ad4ab5,transfer money
efef7eaee2ef4086,transfer money
c5d69577db844820,get branch hours
96df6abbf66541a7,reset password
b4a6dd4f65d146ed,get branch hours
d4345d60df984c3e,order checks
e1b7da6c4dcc4cb3,get branch hours
8dc862cc4206435f,order checks
f2c377790dd0480a,check balance
8e1abbcd52ea412a,get branch hours
9814144152a343fe,pay bill
585bdad4b9334eae,reset password
b0cde049789541df,pay bill
506cb86ff7794555,get branch hours
444c5a5c985a4154,get branch hours
cb031d5430fd4bae,order checks
5614cbe304874883,replace card
43926f0584af403e,get branch hours
9e5db65a113841d8,pay bill
5fbf82f4a2ca4db6,get branch hours
75e15beb16584024,order checks
6827c47b607e4437,pay bill
7c7beec3b67c4a88,check balance
b0f1de4ca8034c52,replace card
5789b1eabc284dad,order checks
49afef8ec24c4fff,schedule appointment
955fff770619444e,check balance
bb5e525ef95f48ba,get branch hours
c1966d07c4214cb4,replace card
cd506b4674f64566,transfer money
b52620d0e1d146e9,get branch hours
4ae1933c69f64bd1,replace card
4736468478334726,pay bill
630f73bc1cd34d3d,check balance
c1083bab505a4a39,replace card
b5f55c1e289a44b5,get branch hours
fac8f08ea8414310,transfer money
5a6af9b2d57a4c21,check balance
4413490f33f34e54,schedule appointment
c1135c97d74640e9,reset password
743c8b491b5847b0,check balance
60fad69f4cd840ca,get branch hours
8c86097e491544df,check balance
740ddc6aa34e4e30,schedule appointment
aa1687a4edfb46c3,order checks
ec96050506be4885,pay bill
ebef241a97a6424c,reset password
b5dd84ea59704a84,transfer money
e4e166441e084f0d,reset password
a4985edc40f0411b,reset password
60b06622a2584b66,pay bill
e4db3028abdd4893,schedule appointment
f596326a596a4bcc,order checks
d47beaddc1e3494d,transfer money
ed1c62fdab7f4171,get branch hours
dca9dec379e54aa1,pay bill
d62ac30c6817491c,check balance
8baa1955cc7344a9,reset password
a7e68ef6398f43b8,replace card
e81be23bf2494501,get branch hours
7695edc7945247cf,get branch hours
c60fabf7109340bb,check balance
4775e0f0c7b2468e,transfer money
47099c1d2e1849b5,reset password
6ad02b60a8e448e1,replace card
fb980cb8c7694f3f,order checks
833a5c4ddf524e36,pay bill
e424e1810f174336,get branch hours
9b35ddcb700e42db,schedule appointment
e10846b230fa484b,replace card
d47bbdf16dce4e0b,reset password
ebaedc3fce1f4532,order checks
85d289f1c3474fde,schedule appointment
ba42a770ed4748f9,pay bill
d049c01850614284,reset password
83e3786e1afc4c07,reset password
ac13dada05ef46dc,order checks
e120d00def52411a,get branch hours
baaf10de0223430c,reset password
d1e5e3da401f41ab,check balance
dff3c647104c4d10,get branch hours
6b7829ddc1ae447f,pay bill
e2c66a7bd76e45fd,transfer money
8eeef17781554682,replace card
8a35803b1bb641f3,reset password
6f0743a7380b445a,schedule appointment
bac2c83be1de44d4,get branch hours
9409300a6ef34e35,reset password
69519cd4ffeb44fb,schedule appointment
9bca1a357bfd472a,pay bill
ca29f82756e94751,order checks
907e2a39de0440c4,get branch hours
b73ef10f696a4c5c,pay bill
6f2b04cc057f4af1,pay bill
d61006768ed04527,order checks
41fa3c4b56124027,get branch hours
e5e1d3a29af64ad7,reset password
edac78e5cefc47b2,get branch hours
b00da561e3cd4783,replace card
f276464c404a47e2,replace card
79217a3dbe5945dc,replace card
61281b24a0424127,replace card
51cb5e31125c4235,get branch hours
eb2adbc4682c47ad,schedule appointment
63f9f2f2f7d247cf,order checks
da37afca09064b53,transfer money
b26fc74885b44573,check balance
cab5b32e473b48cb,transfer money
adb74308f1cb4da0,order checks
d0d607291c9b4666,schedule appointment
7a81b31f172c47c2,check balance
6fd795ddfac1415c,order checks
f78667d43e34400b,pay bill
f98d168b9f49447d,get branch hours
7df9123f42294739,replace card
a9028351210c4463,check balance
eb5cfc80361e491e,pay bill
b8103a521e78469f,replace card
5ca32dc310e544a0,check balance
7e5e38a7071b467c,get branch hours
7e864cce89594b43,replace card
7e4d91035dca43ac,order checks
8dd2af193c3e4a63,schedule appointment
82d1533ac49c4f36,order checks
80ecf71864c9464d,replace card
db8755b7c1264411,get branch hours
5dc763127ce647f2,schedule appointment
4ce82d179d274398,get branch hours
b8d8f6398e934303,get branch hours
d25c08e73a6f415f,order checks
a4f14d58480c4b0a,order checks
fc66c1a1c15546c7,check balance
b1efd1434c3e454c,order checks
bb8436df76584a81,replace card
b89513c2327e4057,replace card
e454dd0eade945a1,schedule appointment
db570fe7fb5343d3,get branch hours
d3baa07088cf4c76,pay bill
7335a952d9204384,pay bill
e923c5ba4e0c4cfe,pay bill
e5616aa6e05644fb,pay bill
51e3332d0aa741b0,schedule appointment
f340f2934ef04530,get branch hours
713d96448ce84de1,transfer money
49ffa376c5614273,order checks
e8ca102f9a304bd7,order checks
89d7ef927d564b7f,schedule appointment
5c6eb5eccc5d43e2,check balance
7f3d383f8aff498d,check balance
d4c6c9e8a0dc40c1,reset password
e46bda445f9a4958,schedule appointment
f56a927ba1f643f7,transfer money
4c0ad06f41f04921,check balance
c415244fab0a4ff2,schedule appointment
bf9bbd2aec6149fc,schedule appointment
575933c0cfbd41f6,reset password
9f8c21a361a34f45,transfer money
47fd8e5c3a36434d,check balance
8a17bed3a6d84542,check balance
e161fd52ad124561,schedule appointment
76ed505d82be4f13,get branch hours
56b06611cd5c4acb,check balance
7a7698194ba446c0,check balance
c9e2d32aa8f24b71,replace card
4822ffb6a74b4927,reset password
fb035f9280074363,transfer money
e9760a0e068f46f9,check balance
e3d8df1dbf974ac9,transfer money
4d84fb73a51549db,order checks
4f0acc4b464b4c36,schedule appointment
e31f1d8501d645fc,replace card
6f08bbb8ba6644c9,get branch hours
6e7a427853774bd0,pay bill
4df8d8890b0c41e3,replace card
6da07b9de07b45c3,schedule appointment
b9ee5c9a3bda445f,transfer money
cc87f13b852b4a5b,replace card
45ddc07515084ea2,get branch hours
9cf86e12b47a4899,order checks
7102576056e345e3,order checks
499fe973983b49a1,get branch hours
dc35adb181534b2d,transfer money
4d8c0f65b1794117,order checks
b7b9d7de704e4f2a,replace card
5f90307229e04226,transfer money
8cfe2e3b741a4347,reset password
90f9d3b0cb29459a,pay bill
c11d31269624428e,transfer money
a40a1510383b43e0,get branch hours
c6b9b0802f0248c7,order checks
50f7539f34cf4866,schedule appointment
85975aa175124cc7,get branch hours
546c4a0e70314c36,order checks
a98496363d844726,reset password
640b3f7b22c34a05,reset password
79ed5ca1e9f34db9,replace card
ce63eae528b540fc,schedule appointment
d3d474c0873b41b0,pay bill
b0d63ed287c04649,pay bill
73549c008d71436f,check balance
6fca802594f5402a,transfer money
e24c1b79e49b45d7,reset password
58254b0508784e77,schedule appointment
8bdc28ca2efb4354,get branch hours
b08aa4e85f94447a,check balance
705bbe63e5824a1c,reset password
edede009f53d4ebc,pay bill
718fbeded9724aa6,schedule appointment
97eb76c92c124d47,replace card
755b9fff9bd34794,order checks
c8f689a95a2a4235,order checks
933cdd028242498d,check balance
883b73f3badb4129,transfer money
a5a6fdcf3c2541eb,transfer money
6037283943b34eb0,check balance
90399597ca924861,pay bill
636ef6361ef3447d,pay bill
f52d4b1915584dff,pay bill
c6d38106fc874d99,get branch hours
fbac1228c6e94fa0,get branch hours
76e0585521284767,check balance
4341434d26154ba8,pay bill
b6f7fd72eb7d4a9f,order checks
8e5f2787249d463f,replace card
f7010963937449d3,pay bill
db85f6790ed242da,schedule appointment
dac153a3ef1b43fa,replace card
77127eb4fa7c4d49,check balance
dce8929ec9364c8e,get branch hours
f532ec6868af4fd6,order checks
54ae81b4791d437f,reset password
b0463e9f98644499,replace card
6f7e82d6afa44143,get branch hours
eadd0adb49304bfc,schedule appointment
a3980352013548b8,pay bill
cc2007dc5f4a425a,replace card
6295d98699ba4c80,reset password
a3627d66f6d44dcc,get branch hours
904f3057a0cf496e,check balance
cfd2c928890c4f0b,order checks
fb6437545dd94223,pay bill
a2ab1c96a775448b,get branch hours
c9b3b74ede4f4125,schedule appointment
89b82b3adc1841a0,schedule appointment
662266f1544e4aa6,check balance
e05d194d4c034284,schedule appointment
516c951846414484,pay bill
cb668b3595c647d8,transfer money
5e6f881e5b0f403e,reset password
4a48dcd3b5f84e8f,schedule appointment
8d8196a6c9144088,get branch hours
c0a7af7222e64ea3,replace card
95f48e5a77804d40,check balance
57a158e96af14562,schedule appointment
a87b0c9e1a1f4f52,order checks
a91c6f97b7ea4a3e,schedule appointment
6d3ce86a6e5445fa,transfer money
a08e51a2dbc9405e,check balance
75cafd7d45174350,check balance
d3796e53b6314472,get branch hours
cc3d2149e7c24837,replace card
c238ce8eb83c4e1b,transfer money
d22ef17d0b384731,schedule appointment
9f35569dcca64832,replace card
bbc7cf4a15684422,check balance
e2c3f7e7cea642d4,order checks
47fa3b9c29124764,schedule appointment
9aa0049ceb014720,check balance
657708cb8b9b4244,check balance
7c5d6f0ca8dd4d83,order checks
50273d1bd0fc4983,get branch hours
621acf6430694019,transfer money
dfdb96cfe6c8464d,order checks
fb6cf856476648c9,replace card
b0ced65122b441a8,get branch hours
9d73e4ee8fb1425c,order checks
a10987dfcf9e4a49,check balance
d02c124117334f95,reset password
ac67696b171c446a,check balance
7f5bd3eafa974e98,check balance
701dbf853e944863,schedule appointment
a76dab667e474999,schedule appointment
a559fb95cf3e4b1a,get branch hours
cb9a45f3ac6c41e8,check balance
bc37015f4b7346f7,get branch hours
a5356a0569c14b0a,order checks
e4f8e4ac217440d0,check balance
d9eebddf44a34d6f,transfer money
9b0b42470e214526,pay bill
d04d6e32b7874d67,pay bill
afb7d9d557ff4767,check balance
ace1f28842c54bb6,check balance
7f63d5fd91954113,transfer money
c0447b166ea3407b,schedule appointment
7d65a4dd18d14222,replace card
8e5dc23cda704f79,check balance
d1593c22df624d07,schedule appointment
97ab5ce9ec0c425b,get branch hours
bd91fb7fe6ee488c,schedule appointment
9a2fac8101ef4a87,order checks
fe90f5edffb24a21,schedule appointment
6a17abf3451348ca,pay bill
783bf1b03e674486,reset password
427526cfe9214754,check balance
f39aaffdd5d046b1,get branch hours
47ff90ce51a94a92,replace card
b573807db8444542,schedule appointment
802847ab47654971,check balance
6b165841df134b5d,pay bill
6de71eda43474a97,order checks
8edb0f2db96e4b74,pay bill
537d573bfadb4d07,schedule appointment
8ec3fc323a7a4764,transfer money
d009345067fa44d1,get branch hours
61b99e3cc0af47f9,check balance
6d0c303c60544f36,check balance
faecc73e62614249,replace card
8ec1d5d89c794b2e,transfer money
b5fc317806214afd,check balance
f3dcc9c4852b47df,check balance
6b5c3c7a42664e2b,pay bill
5d8c176e69d54c86,schedule appointment
ebf2dd5327b04c76,get branch hours
8aece4c26a1a4768,schedule appointment
cb721e50bd9e4d81,check balance
4c5e2b0df2d3425f,transfer money
8f097b48df464b37,pay bill
c6816079a5f541f8,check balance
9020939fbcad4f4a,replace card
4f3c622d76a94e7d,check balance
dc89b02c555a4496,schedule appointment
a2f80d5ae9034e56,pay bill
c25fd844f623416a,reset password
a9e3c325f4fd47de,replace card
e0acc94cf6174869,get branch hours
e049a1525d3d46e5,pay bill
9def501fc6e9495b,check balance
7846f7b9d786467d,order checks
51c20c3d996a4614,get branch hours
8083b6b444584550,order checks
c38d04b8b0404ccf,schedule appointment
a4986aa355e54d9d,transfer money
7dccaae036db44d4,pay bill
a83afcd7b3184051,get branch hours
866442488f044611,check balance
d7e26ee5723a4bc5,pay bill
819176a5510d4563,replace card
f74d2f4499664b40,check balance
bec4381e471b41d7,transfer money
f4c37b256cc2495a,reset password
92c6ee27f8034d5d,schedule appointment
f30fe0cefb794198,order checks
c61e3cfe5d06456f,replace card
504528a9558742ee,order checks
a81d06d3ad99495d,pay bill
f8b8055e255e40b7,check balance
93289e94fbd94d36,order checks
4640c702d4b3414d,order checks
5088e1f1857042f5,replace card
5a9fc1bf9bea4d02,check balance
a6602646adab42d7,check balance
ee4cfcd4cfed4d78,replace card
78a1e380db334ee7,replace card
9a9a0911d3f64de4,reset password
a9bbd4867b444670,reset password
d5c6ff5408e14fac,pay bill
9f390bad97c94dd9,order checks
d25e8723a43341ed,replace card
643af84306f3484e,transfer money
d89ea95f9592404c,pay bill
66af215d791842e5,schedule appointment
f1d92443445f4eb9,pay bill
ccf9d2c7a864481d,replace card
42913f8e426a4ec2,schedule appointment
be2d6d342666451c,check balance
bfa8ce4fd9044d55,transfer money
b155c4d7079043d4,replace card
f8875f281dc1427a,replace card
72da2d85ddbd4a4d,reset password
feb82e86eb764d7f,reset password
94fafe0f64b4492d,reset password
8957f663f25f4494,pay bill
99265f6b11f0401f,get branch hours
f3727c2eb90042c9,reset password
a65d6d27c9dd442d,get branch hours
a104c589566d46fd,pay bill
f752f5e5b7f34adf,order checks
62840395564b41fe,check balance
fca5716ccfbe45c4,order checks
d39b7ce4a5a64a36,reset password
47b9d17d7b6b4d28,get branch hours
a9a4c4369ee1470b,schedule appointment
a554d05175f64f1f,pay bill
f17b47da27c449e0,order checks
8a68e840357e4c11,replace card
925ac203ecdc48f8,schedule appointment
85972c05b52c4c5e,pay bill
ea3e177a415f49ba,replace card
9d091117c14743a1,replace card
c15574c69e6c4c33,order checks
8277100f00f648b7,order checks
e079cd4b52d04245,schedule appointment
75b81154034a4c5f,replace card
d0d6353aecfa4f7e,schedule appointment
7eb84995a3614310,get branch hours
66d15e1ffd1c4aae,pay bill
af3c017ad8be424c,get branch hours
b4ef1ad133ae4cf3,pay bill
4c933b1fff9e4f57,check balance
51162418b50a4d4c,check balance
66c9af687cb348b9,check balance
6b709f1351ae4bf4,order checks
6adfd05c71dc4248,check balance
e79ddd02ccdf4552,reset password
810c152e321b40dc,transfer money
cef911107b6d4bce,order checks
ca73cda869c74813,schedule appointment
d9fd861f60dc4999,replace card
c27bf08bf43f4703,get branch hours
9fc86eb01ce54c55,schedule appointment
fa2b92ec375b45d4,replace card
b24554b7ce5e4ae5,schedule appointment
860290d8e7894876,pay bill
ec782ba50efe4d50,get branch hours
fa2815e49ec64538,transfer money
ccec524efd88462d,replace card
9ee1bd479c7c4925,reset password
92f32a1665c04695,replace card
bbb7e5ca5dd74ca4,check balance
a4180acd1dc644ca,replace card
7da334ea92c14241,order checks
d93ed827d9a14f91,replace card
60ca473a9a174c05,pay bill
95cce86cb5094959,transfer money
ed9008265ea14e20,pay bill
a772d31ad3e64f6c,check balance
663201e33f1a4e38,transfer money
9cf604c1e31f4789,schedule appointment
e83466295cf8452d,schedule appointment
d6d06ca47d3242b6,reset password
7e0dba1951204150,transfer money
b0aa1feedb524b80,get branch hours
a148b8570ca14c8d,order checks
c6ad92d1b69d4fe3,transfer money
5c761521b3004564,order checks
a599810d66914ba2,check balance
c4fdb9e2dbe34a02,replace card
43dc3804df8a42a6,transfer money
d082c952298843f5,schedule appointment
545e349988db42b6,check balance
4dbb9033cf4146bd,get branch hours
a82280eaf71d4835,check balance
c1418433a5af47c3,check balance
64064f143ab24985,reset password
fe5a642df4ae45a9,order checks
f9f57c44d80d4d75,pay bill
ab01d059e33a44aa,transfer money
baf690f545cb44ee,schedule appointment
66556e5a8d184a64,order checks
df02b8f3525e4988,transfer money
80262d8affa9403a,get branch hours
e75ecea804264b50,order checks
dca76b16cfea4fd9,pay bill
4c1fd2f9cd6b42c6,get branch hours
8a3807429ad34f82,order checks
9b8f95d0a59645d4,check balance
c590ed10c1b541d8,reset password
a2f086d27b3a4f96,transfer money
f2e60e6acc004b1b,get branch hours
533aa9f57d9448e5,schedule appointment
67e818dee96d4824,order checks
d3ea5b268ab74286,reset password
9cb43a686be24226,check balance
f58e468ecd80474d,transfer money
b8d228edce684b93,check balance
77c453120a354d4c,reset password
7965fb457da1424c,transfer money
75b8b086f7774ae6,reset password
b3cd48f1fc864de0,pay bill
8a8dedf5663c46c5,transfer money
cb0806b1950b4527,check balance
6703d84e57194c93,order checks
820d89effa024b5f,reset password
b9f2e4b1237e4420,schedule appointment
796158bf207f4888,reset password
84525b85e14d41a2,transfer money
9d0cb87bc8144994,replace card
4bb57b0d1a114b11,order checks
a2c916e7b1134988,schedule appointment
8b45f167c0b44b41,get branch hours
7033b5b7a8fc4aee,check balance
86a9526e3ab84835,pay bill
f19d049c3ae54422,replace card
4f0742cb05f74fee,reset password
6d0daf13fc224e0d,order checks
5718f70f22d6431c,order checks
a3373dc5e99443b4,check balance
5521961df2f54a34,schedule appointment
e72eb41e6ad14b07,reset password
d497a3ae2b334846,order checks
8cee43b11a144b7d,pay bill
67f9d7ca83914317,order checks
7deecc562f274ca3,replace card
6b405258c8ee4123,schedule appointment
d8832ffc407c4304,schedule appointment
ec2c51b194c24011,replace card
5207835cc21d47e7,pay bill
f53f80ae25164926,reset password
d6e6db19240e4755,check balance
9e05bd9ca9564089,get branch hours
6e8da4cb697744d1,schedule appointment
acbc626e57a14862,replace card
52d6f52ab444442a,get branch hours
df9bf036ccae48fb,pay bill
5307a8cde04a4253,schedule appointment
fe4b20f68f0d4de3,schedule appointment
4d2b7af61157479a,replace card
d9c723e063c14871,order checks
ee8c44fffee3428d,order checks
ec07fc00afee4540,order checks
65b3fa4e634f47fb,reset password
c52e19c6dc534868,schedule appointment
fb0907e0edbc4b15,check balance
50872afa5a314d77,schedule appointment
4a355c4a638f4774,check balance
988e8d3c83f9431f,order checks
74744bb24fcf4429,get branch hours
7a5d0bc4125a4f90,get branch hours
95caff82c8c84650,replace card
dde6f757725848d6,pay bill
6ca1a32fba014935,replace card
ec4eae85cdb946e0,transfer money
ec9217bd2fae41fa,schedule appointment
77339eed9cf249a9,transfer money
7d6b63ae63fb4827,transfer money
c22fbea305e4496a,get branch hours
8a18ebba4c4b44a7,replace card
d2f3ac438e7c4f41,schedule appointment
6ace9cd5b88d4c30,check balance
965c363674ad4915,reset password
5d92ef35f99f4bf5,order checks
feb80666630a4b94,reset password
4b5ae8a5ba2e47aa,replace card
478760f87f8a416f,pay bill
90b30529ff314064,replace card
c1f0267915f942c3,schedule appointment
d4c341b7c8934fb3,check balance
cf2397724e594ee8,check balance
84539e8f9a754bed,check balance
e4f257ebc3f64b9c,check balance
6f1d70ecccb142ff,reset password
b687b15dc439420a,pay bill
86159507733e4995,pay bill
b89e73e455fa4aa7,check balance
ab511343f4b14243,order checks
a710797449904cc4,transfer money
f9e797a1807e41fd,reset password
6ca53da07c7843ae,order checks
657131f9ab834af3,order checks
fa9cc187b49b4c89,transfer money
89d9634760d54200,reset password
ab64763a0eae4f58,replace card
51aec7fcd6894d76,check balance
d1510446bce74fcc,replace card
59274058503646d0,check balance
881602ec7ac94b3a,get branch hours
4bf90705f0044592,replace card
4cbc15668b4a4787,pay bill
c4613a7320d4494a,order checks
7b58f61788804657,pay bill
5ef81f3a30d24133,schedule appointment
91e70793246d40cb,order checks
42c90e3299244cc4,reset password
ad58ae88aa2c4b2a,replace card
f78be9dcf2d54334,check balance
513ae451d439478d,replace card
6b219c855e4d476b,schedule appointment
71ad0f6dfec44685,pay bill
d48e6762045e47f3,schedule appointment
fb6313dc5a674409,pay bill
7566f84c17404dba,get branch hours
b56c086396214120,get branch hours
e5d7bee3da2648f5,reset password
ea049b32d31640af,schedule appointment
d863198173784f41,order checks
cb89c076296f4233,replace card
c8bb710ae62d4566,get branch hours
a3153ae339f14321,check balance
5c1ddbe388ef4306,transfer money
4dbbc63f92c045c3,replace card
c990bc43ed5b4f9f,get branch hours
c09408163cb14e39,transfer money
4646e20b8c484433,pay bill
55e20b0885344ff2,order checks
f97b4e058aa04216,pay bill
62f6b75161014aec,replace card
c225e283373349a1,schedule appointment
9de64546b2d84e71,transfer money
a5293a1024d040d5,check balance
829c4b00e771411e,pay bill
a9ee422cc94d445f,get branch hours
d1d5e2e882fa475f,get branch hours
b5a6887e59e94187,replace card
81bdcb567c784595,order checks
6773329b3a6f42f5,pay bill
76486b21e28e4079,transfer money
9550d3827fea460d,replace card
75891f8a67b14ef6,replace card
f1833427d3a24ea8,order checks
fa69eec631834983,order checks
918871baf54c416f,reset password
d88b58f180774f82,pay bill
4f179504534f4600,replace card
c0914d2dc25a4dcc,replace card
eda1e39d6e724ac0,reset password
b4a76b81d570416d,reset password
735ce40fe6bb4eeb,replace card
e601b29b60be463e,reset password
466b7f9ee32b438d,get branch hours
d8968576c9b14723,replace card
687efe49a93d42af,get branch hours
e1aaf02301d14cc7,transfer money
fb743318c40c4e6f,reset password
5b0bb13785824a9a,order checks
435de03629324f94,get branch hours
f070581705744ace,order checks
50c94156ba314c05,pay bill
eee7cef599084d45,pay bill
bde702421d444ad8,get branch hours
d2a7f75ff115453e,check balance
ca2f61d1fbd74667,schedule appointment
c72092461bb343e2,get branch hours
9a948bfbb01c42b0,check balance
56424d4dd65c4e58,transfer money
96c25385230d4172,replace card
ec54198121094ebb,transfer money
5a3f406be6cb4f7c,schedule appointment
5a048064aaa64a44,check balance
888bd7b42ab642f7,pay bill
bc622458f93540e5,schedule appointment
d73be060c5994ae3,schedule appointment
f188899db7cd458a,check balance
f5bbaac44ca044db,check balance
df67a8b897314506,schedule appointment
57fa3575c7d44c67,order checks
f6954d062b2444c1,check balance
c92ff1e075644ad5,check balance
8998742ca3e14bed,reset password
7f0bb23a59834d03,reset password
5b6ab56c69d64302,check balance
9ac229beaf2c477d,get branch hours
669bb254ca84455b,schedule appointment
921a607e93e6473b,schedule appointment
d4b71a718e9340da,replace card
56bc10d0d9f74834,check balance
8675c08863224554,replace card
f51ec0c7d714424b,order checks
dc224f52c94f4639,schedule appointment
de6e39536c314488,pay bill
a7a7d37628c14327,transfer money
eb82ec7b5f0944ca,check balance
f47c6a470d6c4aa6,pay bill
5afd340e0fb4499b,replace card
b99375041f8240b5,pay bill
9100bc599276485c,transfer money
45c44863a57649df,schedule appointment
c69f79a726944e27,get branch hours
723f6e719e36489b,check balance
9bb3954b677242a8,reset password
575fe084353740a0,replace card
62a83a1eebfe490d,replace card
a31d5f1a5f5b4515,transfer money
f5ff4373dd0d41a0,schedule appointment
b448021d143f4a37,pay bill
4314a7322a3e4cb3,schedule appointment
5f5fc889144b468b,schedule appointment
baa0f3c10e164e10,reset password
dca023ef12dc4e5a,schedule appointment
645dd9f22ad34871,replace card
8ad21811db5d4f47,replace card
c86cc884bb494c1a,schedule appointment
a7e9590d31ce4142,get branch hours
5e9a8f32b3e24c9e,schedule appointment
e8bee8b41a4b4c98,replace card
53eb112081aa43e0,replace card
6425dfbe214a4ddb,order checks
4c5b2bd7af914753,reset password
682b5d972d9b4c89,reset password
9633b09478814934,schedule appointment
82739e6c1fef4e31,order checks
7bf3a2433a214bc4,get branch hours
ba08e797ca9e4019,pay bill
dc70a5421d2c41b8,get branch hours
fb7ffd4bdc004d0c,replace card
d10314e8b6074b4f,check balance
faf12706cc9245f5,replace card
e41f96ea3dfb462b,transfer money
5f81c60e18014d40,order checks
6128d33e1c8a44f4,check balance
bf53ac45a3154f6a,transfer money
ecbc3d17d459474c,reset password
a2be909cc7804fd6,schedule appointment
fdea24591f314af0,transfer money
b45c6623866c4106,replace card
d1182b52103149fa,replace card
48f4b8a098584bbb,get branch hours
d400e8023c224e56,transfer money
4c76dea355d044f9,get branch hours
97073eb94e004260,order checks
835227dd394d4b56,schedule appointment
c841b727aadb4ef8,transfer money
a368bf82b0684adb,replace card
c4f7b548283745da,reset password
c031f167796f43b2,check balance
faf99f6f141845d2,transfer money
4224f8bb133445e8,pay bill
87f17b240f254feb,reset password
bcc69e644ea447bb,replace card
e02b6dc778204aff,get branch hours
e273b03a6feb42fa,replace card
f0be506ab75c487d,pay bill
79149a24b13e4e72,get branch hours
9530664946cb492a,get branch hours
595cfde882594ac4,pay bill
c726382c74ac41aa,schedule appointment
aa91ca8a1a9044f1,pay bill
e11c7e2a8fd449b6,reset password
9094b6900b204ba0,order checks
59a8fcb538f847b9,get branch hours
539c9aabcd244c5d,replace card
66a61c2a13d74322,transfer money
a74e068aac714026,replace card
476af17d621d4e9f,order checks
c026a81022514035,order checks
d83326085bb340d3,transfer money
f7891ff150d24238,replace card
d4341ea7b9e44a68,order checks
f083e9aefede4f26,get branch hours
9cdd9505f15f46f9,reset password
7d749b651b0e4063,reset password
c5e087e0e18e4aba,check balance
cae7c8e5b58c48f4,pay bill
b27be4f95fb04a53,replace card
82372bc7bdfa4a69,check balance
857c14a52873478b,transfer money
f6265bb9bd98409d,schedule appointment
6f17cf2eb9c44d5b,schedule appointment
a91caf8b80184018,reset password
eb8ebd459c6e4ede,replace card
8f6950f917b64319,get branch hours
6843f36c414a4c85,schedule appointment
dd68239fe54c432f,schedule appointment
9df968ef6b6f4365,transfer money
a494700a3bd144a9,replace card
e6dafa1725154173,check balance
7394fcc2bcb94c69,replace card
e54c91f8e25d4bb8,get branch hours
826abe58d9c8465b,order checks
61e6e48e3c7144c5,pay bill
bf8ddd774f8240da,transfer money
60bd7981a5004a7b,pay bill
c4859cd40b154b43,pay bill
5ddb947533d14e96,transfer money
ebbefa7f882d47a7,check balance
6e00c027c4d74738,check balance
a7f49e30b332420c,get branch hours
706aab18d2a24e83,transfer money
a35cc473b91f4de0,order checks
bc1ef2f0cb2e46ec,check balance
569b666e02404078,check balance
5dcf0d4256e04c2a,pay bill
5c86479a4dad4340,check balance
6288b69a182645ab,get branch hours
7b7b984ce9d34dd9,pay bill
d23d6433b32946a6,check balance
622fa25c83224e0f,reset password
e210bf32a2604e11,schedule appointment
c50e135133ff467f,order checks
7b7b608983bb4a81,check balance
7285cebc76ea4a54,replace card
a48484835f124993,replace card
ca1d8c563f944242,replace card
a3fd3ddb15784865,schedule appointment
eb360be7092140d1,order checks
57fd086178b0442a,pay bill
8911bfdf256341b9,get branch hours
d281c0bf812945a0,get branch hours
ca6395dd05df4d73,get branch hours
b711d5c6db68429b,reset password
a9d903d9823b49c3,schedule appointment
d84c1ed56bd54bcb,order checks
bd1885106f1e481a,reset password
58b5be29985848e9,transfer money
a44d9c3988aa483d,replace card
51e9579a227140a8,get branch hours
973df585e05e4134,pay bill
c2b01425faa64e14,transfer money
ac13ce69964b49c9,transfer money
97adee5b6d7647a8,replace card
b128303556b04652,transfer money
b0bf0c23e0cf4a44,replace card
b22af168c2f94cd6,check balance
d0dfe39c31624751,replace card
fbf35114ccb44ace,get branch hours
eb1d430380e24483,replace card
806b185628a04abf,pay bill
51557866e8fa4bdb,pay bill
8c5e1a4a863e4966,pay bill
e3a117923bbc4784,replace card
a3189cfd3bce48d4,schedule appointment
4e60ad71940b4caa,reset password
c029585f654642b1,pay bill
8335c1916f0f4a52,reset password
990ce528fcd24888,pay bill
58029fa10fc34453,order checks
84ebc7b374f84d46,get branch hours
6783b4eb95904f1f,schedule appointment
9eb15a1686224990,schedule appointment
6ddb9a42f8a84a6e,pay bill
f1111739bd834aa1,reset password
a28af719fef2475f,pay bill
52d381bc6b0c468e,get branch hours
c7fcb44d08ad427e,transfer money
4666a17da0614bf8,check balance
be8f1de32d544c60,pay bill
bec1600f7b1a4a91,schedule appointment
bb9fda54a22344cd,pay bill
d286c909b1af4721,pay bill
9b928d86009c463c,replace card
50f57d300f104fa3,get branch hours
c4c6806bc1934221,order checks
cae4fa0379a94cc3,transfer money
a6c7f11e1c4d4673,check balance
9d95586bb56b4e14,order checks
e709daf7f2324831,replace card
f13b0caf578f4a74,replace card
e014424674a746f6,order checks
a7ccc3379af44b9f,schedule appointment
c790f1f30ac346bb,transfer money
697be093ab274d32,order checks
78434bc491304b2e,get branch hours
d902244660d44131,order checks
e52913f63f934221,get branch hours
6eba8f858f7f44ca,reset password
e40f20f6c41a41d0,transfer money
a146841906c54d2f,reset password
afc7c8c882574919,pay bill
e97b980de61e494b,pay bill
4a27e167035344a1,reset password
beffb3d54798461b,order checks
6aa47f9fbdab459b,schedule appointment
d39ad80a611241c5,pay bill
6a445e77fd41419d,check balance
65b07ea1140e4271,check balance
e915ed6fecde4854,get branch hours
762a74216bdf4c32,order checks
cca796e258c3444f,replace card
5c1d9f2e72974bdd,schedule appointment
db8ca178761e4938,transfer money
f85f8bc3b7cc47ba,transfer money
82b7a65ad7c64e67,schedule appointment
a264289509744373,get branch hours
f398737da1834ccb,transfer money
f7a58ee6f71b4cfc,reset password
53087739bb1b4dbb,get branch hours
c3b701fb74bb4472,check balance
bd1a5ab3f60e4078,transfer money
591835dcfcb44ee1,transfer money
61297c54c42a4a4a,transfer money
58d83f2332394f7e,transfer money
df65319b0b804cba,order checks
f1ff417d42fa4a25,schedule appointment
4b26d9062c204576,replace card
ed7c5905a95b499e,replace card
921167ed897c4080,schedule appointment
e6191b00785746ba,get branch hours
637938e7c1194810,transfer money
73f3255b819f4778,pay bill
7561dae4a56349d7,get branch hours
7ca9c78c16874c15,order checks
ce3584cb105b4b66,schedule appointment
2ee2ac9dcf6e4e8e,order checks
41f70aeff3094dc4,transfer money
36701c0834b04611,schedule appointment
3c1220d324254192,pay bill
2cbd136306234a42,get branch hours
2453651cded5405a,get branch hours
0d48b37580c94ea6,get branch hours
2dd58bb21c714a74,schedule appointment
39954d595c9c4e73,schedule appointment
3b30ab4c8f984514,check balance
3b29188b4b7246f9,get branch hours
115e1cec78f04d1a,replace card
0b5d3de182a04159,check balance
2bbc17c15ea24e27,schedule appointment
3caf2cf713fe4d72,reset password
13da422542824f04,replace card
307f7c1c70f149ef,replace card
2e3cd4354cf64e6e,get branch hours
3e9a533d616246cb,get branch hours
3a905b13690a4923,order checks
09d8f80f1af940ba,check balance
175aa09053b7489f,check balance
3175d0f2f89b46df,replace card
3b126c7153dc4367,transfer money
1372168c0f0441b2,replace card
3b6deba29bf34d44,check balance
0377245f73a54480,transfer money
03a17cc36d474151,pay bill
2396585acfd14e22,check balance
240368ab6cb14c33,pay bill
29e01cba1b694cbd,pay bill
2c07e5fdc0a94f35,transfer money
2d2838f1aa094814,check balance
223ca391c70d4e17,reset password
24cbd6f212564eb0,schedule appointment
0bc276cb4aa24507,pay bill
24c26aab94a14e5b,get branch hours
3179db5585f64eba,schedule appointment
35f1f6051255441d,pay bill
3fbefc0e3be346fe,check balance
35b6bf658a15495e,transfer money
3c2099b952d749d3,transfer money
394c74a340d64b56,schedule appointment
170d9d298f254967,transfer money
1169043e6d734d82,reset password
23fae82997bd462c,reset password
29ab80445b204491,get branch hours
337791eb84d345a8,get branch hours
021cd80ca7cc464b,check balance
0bf2b746d42b4f84,pay bill
18f42b7f472c4587,pay bill
2a01e3fdcbd44ef2,order checks
33ea98c31d364286,order checks
2fdebeb989cb4ece,check balance
2fcbf25d28554296,schedule appointment
394728176d714fef,check balance
2c874f6883ed4751,replace card
154e9235ce244a2a,get branch hours
3b3fd6ea9ed3475f,reset password
37a7a35a1e244820,get branch hours
09ef2d41db104414,check balance
1ba998d93a404df6,get branch hours
2e6fd1c2b31f46a4,replace card
06f5d96bd7e64511,reset password
2aae703685f440ac,pay bill
18bcc675d39e4525,check balance
1c62afe72a494f34,replace card
1318c617f2ed4b1d,reset password
160200fdf7aa42c2,get branch hours
34d4ad8d33c04ca8,pay bill
417d5b92db3e41b7,pay bill
32b523844f724a92,order checks
04a13b358adb4eff,replace card
00f7dce6fc3849a2,replace card
3715af35862a4e14,check balance
0395f6997a8e4836,transfer money
197d78dce5ba4072,replace card
1d412e405c724b25,pay bill
08f12faa2b594aa6,order checks
0317f95f3d7441c5,check balance
040f493852fe4553,transfer money
0afb6248e8dc45e1,check balance
31f7d3d1e99c4891,transfer money
2096689920354dcf,transfer money
084d8144809747cc,pay bill
1ad1284bc1cf4e33,pay bill
0a37e848a9c04e0c,schedule appointment
29684955ab8845a9,schedule appointment
344b2fbe35f94965,pay bill
0f65cbb7a9a34628,pay bill
0ece8b36d4c148b0,reset password
287784d8eee24280,schedule appointment
132b852595844d26,check balance
0697acf83dc14c82,transfer money
07bc6cf7f6154e96,pay bill
034a32d3b6e4435a,pay bill
0b153339c9184252,reset password
0f9b6b19a234407a,order checks
0c78f55cf0e3449f,pay bill
27f54b2ac7c24052,get branch hours
196f8bde51ef4618,get branch hours
1c7d9e205d5344e5,order checks
20c62bcac4e34009,get branch hours
27cc7ee8a0404f9c,replace card
3a0816e7820f4547,pay bill
29e0a36fb0c6401e,order checks
11eab24f318741d6,pay bill
02b03e407894474b,replace card
309e018c05094386,order checks
411127c6a6924257,order checks
3cf5cb84cab24fb5,reset password
05c33cbd2c514f06,check balance
1578578b6c134bb6,replace card
27a42bc82353468d,schedule appointment
2562af8f75e94a87,reset password
099f482838ef469e,pay bill
116ee04205bc4498,order checks
14ec9f4c914f4a38,order checks
04a1020bb9bc4a45,get branch hours
16319d899b0d4fec,check balance
0cae8d624dc04b47,replace card
05e4cfa661ed4215,schedule appointment
3bf4070396224b43,replace card
115fbdc950404a3f,reset password
3a2e0de446644b06,transfer money
3e4c0fb0ace6434b,replace card
11b38e8874044684,pay bill
138abf543c7248d1,check balance
29cf620fb7eb42bd,check balance
17576fa00f014acb,check balance
409fb9916ae8454b,reset password
2d38cec732474a87,order checks
1bff41c3028e45c8,pay bill
3f73ad5fee5c46f2,reset password
203e223cdf8c460d,schedule appointment
321c01d96af8466d,check balance
2d2664388ebc44f1,check balance
36fc4c5016434a8d,check balance
3a4b664c13bb4645,get branch hours
366ae3b0dd9e4c3e,pay bill
1a1691098ae1400c,check balance
3b15fb19858d45fd,get branch hours
322ce3baf2924c9a,transfer money
211ed7b0c4534f16,reset password
1d31f40348ab4e5a,replace card
32b08482bee44c46,check balance
314af395d31241f2,pay bill
35c33339e51643ab,get branch hours
19cb67d69e5441c7,get branch hours
2204a853ecf144e4,reset password
0e2ad0dd8a6f4f83,order checks
33e00f807c604457,get branch hours
141a91d6758747b7,reset password
363eb9194ebf4669,get branch hours
0f17604f0b72402f,replace card
29309886cc764083,get branch hours
2f3a96971eb7453f,pay bill
1c9c4822cbcd4676,reset password
111796e467334c1e,get branch hours
1732542a2c284287,check balance
22b45adfc12b4c93,transfer money
41afba1f47594c3d,get branch hours
3f95c2becef14f6a,check balance
3a996e0308a84578,replace card
13a5c82136cb4fb0,transfer money
403f3a341bb64a18,schedule appointment
115f1fe702134526,schedule appointment
32881dc5f4544462,reset password
24503973fa1d4b65,schedule appointment
19daa1ccd21e46b7,transfer money
41bb9764664a4347,reset password
379549c403f44efc,check balance
01f7ec3700424bc0,get branch hours
1551f1f837c346c8,check balance
370981f1f0254ebc,order checks
1083c47e2f304790,pay bill
160aa921e1ea4d24,reset password
3266b6dcf1df4333,get branch hours
329cd711eb884f2b,transfer money
2a4cd03815db469a,get branch hours
35a56efa24d64876,check balance
35ea404578034a65,pay bill
0b590e61350b4b53,order checks
40071528d42f4a03,schedule appointment
16fa4dc5c741486e,pay bill
15fc3e787b204722,pay bill
4115f39b700b4f36,replace card
09fc75fc02ea4b46,order checks
1ab5ddcc434d4997,schedule appointment
17d02c0c29594d76,transfer money
3585385ed0c64326,reset password
1f51347aeabe4f39,order checks
22c518725f8c44ad,replace card
3a3b4064afee4530,get branch hours
3bb5582020c24ae9,pay bill
0ade4b6adcf941f0,get branch hours
1d7820e0c2b74e3d,reset password
0e68932d3f014bbf,pay bill
10de650dd51e4799,get branch hours
29a6b68f742847ae,order checks
2f2baedad02f4ec5,replace card
14695d0dbd72469c,check balance
370ae63be7bb4df7,get branch hours
36b842038f934f43,transfer money
16d255d6586f4220,get branch hours
12baa37d76334951,transfer money
056d09d7b63046e3,schedule appointment
3168780f092c46bf,check balance
19a47aed4cb8441f,check balance
19b39815fa4e40e4,schedule appointment
0b9480707d274d2b,order checks
151522e9f4704fa0,replace card
02e41649e7c441fd,order checks
308778ce68e84541,order checks
27ec17418acd45a4,order checks
2b46d150b30848e3,replace card
285eb7b72e7945d9,order checks
1d786543925e4c6a,get branch hours
1c4c69c3dc3d470d,check balance
0df17344420a41d5,check balance
3dd09677d26f441c,check balance
1d4a688a2f514fd4,schedule appointment
0ceef853f1264ddf,replace card
298caa495dd144c0,reset password
1865d60e72fe4de2,schedule appointment
0b713578170540c2,transfer money
07dd22b700514bfd,reset password
40b72c84f31c4551,transfer money
2f6459fac11c4ad2,order checks
29ba9c5fd6294c7e,replace card
1e2252fb09214f48,transfer money
3e56291000464230,pay bill
0a76782d6ee84f73,replace card
30fa4bafacd24a47,get branch hours
1487ae9d952b49de,replace card
355acbc138574648,replace card
2190bef43a034677,check balance
29cfc984729c4f4c,pay bill
0c7b8cd8a7374ffc,check balance
22215f60c7b74534,get branch hours
07bbc8a7703d47e4,replace card
0f590c57de074605,get branch hours
0a9e9e9be6634e38,schedule appointment
2e4e2c55e0fb4298,transfer money
10161def7657450f,get branch hours
0cf9c220d9a341ed,transfer money
2d14ea3d234346bb,check balance
3be000b399e54c2e,reset password
367a25d33b014614,transfer money
388a82ca798f4360,pay bill
1292cf0c934f4ec5,transfer money
3fd0685aa3494cf4,reset password
076cd53656c64dc5,transfer money
3545843114114bae,transfer money
23b593b0a64c4c4d,schedule appointment
06a919ed8b2d47e4,reset password
401312814b4e407c,get branch hours
010eaccb7a23436f,schedule appointment
0a70acb6ef0c4e89,order checks
0851d5916008439f,reset password
2d00d21544b24959,get branch hours
0bf0d8398c574373,transfer money
153ac012507e490e,pay bill
394d665cad054ab2,order checks
0f87dc392db84250,order checks
29cd0c6856ba42f6,transfer money
0091a706bc604188,check balance
1ef109d2f8424c01,get branch hours
020e48edcf0940a4,transfer money
0f8c2e76e42f44ad,schedule appointment
35f156abfcd7429a,replace card
12b4887e64914206,check balance
23bd29bf2d174086,transfer money
0bb871fd99d6437f,schedule appointment
34c511ba0d27412f,schedule appointment
143ac52cace341f6,reset password
33f671c9064d4341,get branch hours
1390fb930824489c,check balance
1f7e8fcf454842ce,schedule appointment
390a53ca213f4e8d,check balance
08f360b3f3b844ef,check balance
3b6cc203622d4ade,reset password
29734f4236b84d53,get branch hours
23bb524ec95a4515,schedule appointment
1dcef09fb6374319,transfer money
309f1762b0a0495d,order checks
057d15ba6b9044d2,replace card
0126ffdce48049a9,get branch hours
07f1aea52b304074,pay bill
0df279dab5a44e6c,schedule appointment
3200779259d544b5,get branch hours
3959c5743b8e4b74,replace card
0f4747d1a97f4388,transfer money
36e839937131407b,replace card
05c6e20d983b4804,check balance
0224c92b64d144d4,reset password
22bbed2fb6f14a78,order checks
41632b1a7b364445,get branch hours
0a6f57765f4641a2,transfer money
196f42cab54d42a9,schedule appointment
23faee2c12f047d4,check balance
07c661a60f194d1b,get branch hours
3f99b3c0feb94a82,schedule appointment
29bf392d9e9243e7,get branch hours
1258ddf80f084499,get branch hours
2f46026d92c24e1f,transfer money
3f563f7138ec4788,replace card
07c275cd57b84685,reset password
2ba41b093b424504,pay bill
27cfd98fe39a4697,schedule appointment
0f8e8b5f72bb4594,transfer money
063ea0f1abb143c1,replace card
03df1bec638a46e6,pay bill
004860b1ab2e4c88,replace card
240a494de6e042d2,order checks
0dee81761a5c45f9,check balance
0d7efd9a397e4e02,get branch hours
1aae0815c5674b3b,order checks
1b8d578a554c426a,reset password
0feb6051d777432e,order checks
23e16eba949246a5,reset password
1b5cab5af4764845,reset password
05b6534dc3294138,transfer money
2a1c0b4c9ea74360,transfer money
37ea1d51317543e4,reset password
3f31af7f7dd24f48,transfer money
14935ac6f51f4a33,schedule appointment
0de8d60b29d24dfd,transfer money
03aad8e17c8d4d81,pay bill
35b66a208500409d,transfer money
03fccf2cf2254435,order checks
00d676d7058c49bb,transfer money
0c98468d8b914ea1,reset password
09934a6b5cf34e49,get branch hours
24f738c0d4cd46ab,transfer money
15c21ca0ce024fbe,pay bill
0bbbedb40f224e9a,replace card
3a9eea68f0a644c8,reset password
01cefd6f5c044a6f,reset password
1d1ad6e932d44146,transfer money
1ab81ec4157a4a29,transfer money
0002f70f7386445b,replace card
0b41e7d162844d45,reset password
23897136ed8241e9,pay bill
17a8a91dc96b4c94,transfer money
06ff201c1fd84e1c,check balance
15a7f6dc09fc4665,check balance
0c4dc74de76c4b06,pay bill
334a6116f8da4981,reset password
0ec73a168f174a86,pay bill
2d9beb1894524d21,schedule appointment
1e5176a3c04742fa,reset password
02fd023b18d246d0,order checks
2d0c86f6a8c4450d,reset password
010d38f5ada54e0d,check balance
0ec40e7af4444ad5,check balance
34f6bd28cf5d415d,reset password
272473f072d34a82,reset password
035edd1d09c1433e,check balance
317c158f88834ca5,transfer money
0e8b236db74847ae,schedule appointment
125ddcccbef644aa,schedule appointment
3c4891900c3d4498,replace card
262998bbb58c4aa4,pay bill
2d86046b76bf4678,check balance
41c1cfdee2ff4dfd,check balance
2894717a7cdd4c92,reset password
1c4e1b0407594bb9,order checks
3a4cbdf8728d4075,order checks
08b6123117f54da7,order checks
3a20358e1bfc4a17,replace card
1b54e6b1d25e45e5,order checks
28a94fb9b04342c6,reset password
1e47d21492244b04,transfer money
14c8e9b8dfcb47b0,get branch hours
0188295665114e74,check balance
2492ad730b234ae1,transfer money
93cb06ba09a342eb,transfer money
7d1d7e0b9b664d2a,schedule appointment
e84c5580bd364a83,check balance
43f839eaa5c34c21,reset password
45c7998bd5eb4101,schedule appointment
f39db1f65ed04810,replace card
ff0296d00e5e4184,get branch hours
46a0e7ea29734957,transfer money
9d76538ae14b40f6,get branch hours
68c9b1352ce245c2,replace card
bab5dcf340054d2f,transfer money
5c102312175e4084,pay bill
6ba2068de4294c96,pay bill
92a144eddfcc4965,reset password
9aaffb9ac967432e,get branch hours
b732044bde7c45f3,check balance
82ed734d37fe4ee9,schedule appointment
8dc3b1d0ff114635,transfer money
b18cc9bbd3e44f4d,schedule appointment
ab1046eca328465d,reset password
87eea3fc332e4ce9,order checks
90f28ae07ac34bbc,schedule appointment
7ae57259c5584757,order checks
66dbb70b6ab24d21,check balance
ed1ffdb4249e4c73,check balance
d96b4057a7c249d3,reset password
d17f40f2885b4d6a,pay bill
4b48ef41e8de488e,replace card
b7f850be27384a8c,reset password
429488b9c8934443,replace card
bd8441a13c134ed1,order checks
75d1a6e8d0e54a37,replace card
f4746f9fedbf4ee5,get branch hours
64bdc900eec44b3f,reset password
f4c53e6b71ac4633,replace card
c1f4f57688504916,reset password
c3412e0ae8e940df,order checks
ed1134c630d04f04,check balance
7e1f8bb7b3e0432e,schedule appointment
d35d0b40f99b47be,check balance
f2e0320518794684,replace card
8b0cbf261ecf4222,schedule appointment
b835d5c1702843e0,schedule appointment
667ad55a6724469d,replace card
a8ac1e4444e34a26,pay bill
86bed3d02b2d4ddb,transfer money
a0ad43203a5c40f0,order checks
e2084666b3eb4f04,replace card
c1a1eb6f4a474b02,get branch hours
612cd404ade3463f,transfer money
ecb17f35e85b4761,replace card
f793221722af4fe5,reset password
cf09a5f4cbcd448b,check balance
66eaaa175b3148e4,replace card
a0249b277dba4fe9,schedule appointment
d787be69444242f0,order checks
aa97f26cd73b41ae,check balance
e8213ad08f6f4f67,reset password
efc46ec0e4834ed4,transfer money
ce338dfb61584f4a,check balance
d7272708d2824186,transfer money
7c36363c76a747fc,pay bill
8b04254fc6b447b1,transfer money
58323ff7493443cc,schedule appointment
573b5f9b081c4c6e,schedule appointment
d8e2bb01d5fa4457,schedule appointment
ad97ae16985c4656,replace card
d99e1b7b64934550,pay bill
c4edd79b9d6a4022,check balance
